district,total
서귀포시,0.5470622391
제주시,0.5194779343