district,total
강남구,0.6176952
강동구,0.5306985
강북구,0.40221
강서구,0.4349695
관악구,0.4534047
광진구,0.5826065
구로구,0.3623877
금천구,0.4686307
노원구,0.4872458
도봉구,0.5233482
동대문구,0.7159784
동작구,0.4715972
마포구,0.5448128
서대문구,0.61651
서초구,0.4896644
성동구,0.619535
성북구,0.5588636
송파구,0.6357929
양천구,0.4196411
영등포구,0.5521464
용산구,0.6615
은평구,0.5255145
종로구,0.6755488
중구,0.8113926
중랑구,0.4919938